model_id,target_heads,control_heads,uniform_difference_pp,mean_difference_pp
0nbysgqs,1,3,0.2,0.2
1aez5d6p,1,3,4.333333333333334,4.733333333333333
1teq3gul,1,7,9.4,9.3
428u5csv,1,7,22.6,22.1
50h5xlod,1,3,2.9,2.8
5r5euj2m,1,7,3.2,3.1
61ea7zvm,1,3,5.3,5.2
6j2efnzx,1,7,9.8,10.0
7462ah0o,1,3,11.0,11.0
75r56wa2,1,3,7.833333333333333,7.0
7c5f2auc,1,3,1.8,1.7
7j5se6jn,1,5,4.6,4.6
7yeb2kk8,1,11,0.0,0.0
8a65u5l6,1,3,8.8,8.2
a9g0io1r,2,6,5.7,5.45
al0zr865,1,3,7.8,7.7
b5d5gn34,1,7,7.6,7.6
c0ypylka,1,7,8.457142857142857,8.157142857142857
czdnaqqk,1,3,2.4,2.4
dsibxabs,1,7,10.3,10.4
emf94h4v,1,7,23.5,23.4
emz8aert,1,6,6.133333333333334,6.95
g0drb6n9,1,3,9.566666666666666,9.766666666666667
hop7cqrl,1,7,3.4,4.4
jqv202lw,1,3,18.9,18.833333333333336
l2ctl6o0,1,5,18.9,18.1
lbumrsrs,1,3,5.5,5.5
li2shwbr,1,7,4.1,4.0
o9cnk8bi,1,7,2.2285714285714286,1.6857142857142857
ocg2mtkz,1,7,4.9,6.0
qtda56zd,1,3,11.266666666666667,13.733333333333334
qw2o217v,1,3,1.3,1.3
qzndq9pi,1,3,5.2,6.6
spoz7qv3,1,11,21.8,19.7
tcxyepce,1,7,3.8,3.5
tf99oreg,1,3,6.233333333333333,6.133333333333334
ts6m8wj0,1,3,4.5,4.7
ttjh3vyo,1,3,16.433333333333334,16.233333333333334
we9o801g,1,3,9.233333333333333,10.2
wfwpq5xc,1,3,10.9,10.2
y2krz2bs,1,7,7.6,7.2
